"Tunif","Texp","TnormA","TnormB","Enteros","Categoricos"
29.7540899505839,4.9944734852761,1.45422096048749,8.82897653944199,6,"E"
29.1841707844287,56.2775422018514,0.705672803155106,12.5547373274091,4,"P"
31.5402112831362,10.8456039636662,-0.11975792813732,8.8411328823374,8,"U"
34.6495086397044,14.0914403367788,3.72368120093934,10.6488638607669,10,"P"
34.3302741763182,33.6932753852073,-1.05236998968004,10.1843239661475,7,"P"
25.6553257280029,34.456439091495,1.60879181450495,7.82617032434589,8,"R"
33.5122960945591,38.9064218068656,-3.23400759547177,7.88395752814514,7,"N"
32.6811801758595,53.0662543133009,-2.59206774353911,12.1159198785624,7,"C"
32.5305434386246,0.415897532366216,-0.3418917960137,9.80238446051573,6,"O"
34.088384876959,15.5016711121425,-1.71500152864823,9.47532389195601,1,"Z"
34.8249213024974,15.2888504974544,1.8045884379897,12.3187897945273,6,"M"
25.6986502627842,46.077090760035,0.416852672624103,8.58173987326634,4,"T"
34.5798008376732,14.7964484570548,0.785240395260266,9.19276719619419,8,"V"
31.0059056873433,39.7653641445998,-1.38669238093955,7.69097557842558,10,"B"
33.2748421048746,3.71043662074953,2.88394288722106,10.0428642605067,7,"R"
26.0232061357237,16.3506345497444,1.80330294576608,15.3189823411047,8,"L"
29.8664293135516,6.6967556392774,-1.41639105147682,7.52020485788863,7,"Z"
33.2729158573784,0.678977882489562,-0.865242254801831,6.66059126489277,7,"C"
29.9408766091801,9.66440450361688,0.329279426653301,11.2301801329072,6,"C"
33.3187482273206,6.5577243687585,-0.793069946458552,12.7869945284408,1,"C"
33.734671168495,17.4036034662277,-0.245011818372549,12.2699933969663,6,"D"
32.4324303283356,51.9998507287848,-0.0804451683449316,8.49009277750501,4,"N"
26.2490053335205,4.29212470538914,-3.21452080946536,10.8067052293765,8,"I"
28.1718789227307,191.375965866807,1.49531705296709,13.443758745382,10,"M"
25.1367479539476,28.5818813635472,-1.39431807038341,9.22986931690182,7,"W"
26.3785969908349,27.4034525588416,-2.18409214958421,9.80475919177998,8,"O"
29.3358308169991,50.0534594778843,-1.40809609093431,8.27708742523822,7,"X"
27.5878288829699,49.1571767044194,-3.63277437484798,8.86759650335387,7,"K"
27.5695875752717,10.3490207204595,1.11927796873088,11.4986776582616,6,"F"
28.6668598046526,32.7095929148111,-0.435433260835214,12.8417614775392,1,"E"
30.0307860830799,0.0187879661098123,-1.71226284109745,9.71043637429957,6,"C"
26.7543287668377,8.5037949308753,1.45522640567162,10.0410242269694,4,"K"
27.465104861185,4.96185326004638,2.62480062599184,11.2499684798056,8,"Q"
27.0150527753867,4.10765638828461,0.745598781889385,10.3003930203487,10,"Z"
34.6698618144728,27.8875757413034,3.7162616357993,9.5794026632148,7,"M"
33.9790737023577,2.43845463730395,2.14001730516835,8.00274336114762,8,"X"
32.7354408125393,7.56509205792099,1.10366000037098,10.9910842640906,7,"B"
25.1828340510838,65.6989254119779,0.0410581269655637,11.0291083090438,7,"R"
28.0139391403645,9.12252715788782,-3.45069171610098,10.0814718450832,6,"J"
27.3080711835064,3.86789202690125,-2.04252193356026,7.81672424135918,1,"G"
32.7389831049368,16.9023531256244,-0.651471829454899,8.89617744096592,6,"W"
32.2564009879716,2.55894004676608,1.13907374676308,12.639718813093,4,"W"
29.7396996710449,20.0827137473971,2.44267860849615,12.2578345200504,8,"Y"
29.887395449914,0.605178521946073,3.48919735436948,9.06079842086862,10,"F"
25.4633992002346,10.2555876458064,-0.266434242814952,11.4578294996312,7,"Y"
30.5636458168738,30.953836506163,0.308212605412184,8.26946082803738,8,"M"
30.7163051958196,47.9040927414723,-2.67792678525797,13.1849839432261,7,"Q"
27.8224133746698,10.8229186618701,0.387547177403445,10.2962182132554,7,"C"
26.9508950854652,16.8242475343868,1.62954369576184,10.5284833363429,6,"E"
33.7723379209638,20.546635966748,-1.36471630977066,12.1146119550116,1,"G"
33.010486215353,0.129945489904261,3.08292831569752,10.696296820457,6,"H"
29.3449173728004,26.3749094102629,-2.92884652966053,8.94928612460676,4,"Y"
28.2780413120054,9.51270563338918,-2.15864286230528,9.08107469038522,8,"B"
33.1767225661315,40.6809553025726,-0.943959608950531,6.17210939469998,10,"H"
29.8020732752047,4.57653653330321,2.5521873076454,9.37952944651298,7,"R"
32.4840234685689,15.7615658991828,-2.90655937490251,11.1920460987977,8,"Z"
30.1305612851866,57.4878291201718,3.28825392827613,10.1616283671731,7,"Y"
26.9212546176277,62.4197803958695,0.614699798623371,7.59839327089771,7,"R"
29.517947959248,6.46704287733883,0.139533769164265,6.80030368509457,6,"H"
32.1766045154072,1.58075584564358,-0.859680173907924,13.4089822860157,1,"J"
27.7081891498528,1.26266481960987,-0.107743025718297,10.4778977475099,6,"W"
30.0969857024029,36.4857958337728,1.77212706259323,10.0841926218917,4,"X"
27.5659844651818,25.3369099447939,-1.65192167527128,10.4578547660426,8,"G"
29.6125245839357,43.5012068574257,2.60559348298009,9.90446836666413,10,"A"
31.0477124713361,84.236298272933,-1.13441010069807,8.80916688873006,7,"Q"
32.6422969810665,6.43534443341196,-0.794849969134663,10.8775854600846,8,"G"
28.459583199583,41.5546084182773,3.92650943908601,10.5932782053762,7,"A"
33.2005379372276,9.62864882312715,-0.236763615946428,13.7299504476532,7,"A"
27.3424464138225,29.7058901643816,-3.40429748624659,7.3334767172367,6,"Q"
31.9950072700158,105.263379198055,-3.72802394658339,11.6939909082684,1,"C"
28.6388155212626,42.1813472335167,-1.89583211319121,9.64169361029299,6,"T"
25.5675883847289,35.2307971368048,3.39087352260048,7.93713823559376,4,"H"
31.5225991257466,73.2159517297076,3.12388058434444,7.90052707787359,8,"P"
27.4342576903291,0.887178547260971,-3.09899466873233,12.8527237081653,10,"O"
32.636871538125,9.93889165576547,-1.48735553248204,11.5288534717567,7,"X"
28.717135922052,74.0751259025268,-1.08606037259441,7.97223454099952,8,"L"
30.149886556901,5.52923028065907,0.157169640895717,6.63726896613112,7,"V"
26.6042253002524,64.6561489402692,0.630553216368868,12.0469372174408,7,"R"
28.4493560157716,1.50476553562555,-0.677483692422313,7.18498769258753,6,"P"
27.6439293893054,14.9875710625201,0.324786677599037,9.77716654081461,1,"V"
29.7699376055971,19.486077404581,0.447984381197668,4.50724158019483,6,"E"
30.4139731870964,57.8207899977393,-3.52578639251099,6.87427295062717,4,"B"
29.9532557907514,3.23138225823641,0.351171320793459,6.27327249487341,8,"P"
32.3327087052166,50.1295288254447,-0.635431504595976,9.56166280429204,10,"N"
34.2670386633836,34.4384212406788,0.512518790326736,9.62200427049158,7,"T"
29.842581700068,6.10221704786604,-1.57723137510796,12.6110663565291,8,"F"
25.6830976088531,43.9828281638153,-1.61808675354273,9.80126775126482,7,"K"
30.7097871042788,9.6162163792178,0.0617331360688913,7.7474587737904,7,"X"
27.7743681077845,0.816771816462278,0.772638188607992,10.8150166080042,6,"H"
28.1715661520138,8.92059930134565,2.02574453196333,10.3910348462513,1,"C"
33.1608852744102,55.1920255329986,-0.0581686970925298,10.1911727210485,6,"W"
32.5036135944538,17.6225530402735,-3.46120731407912,9.45375016622742,4,"C"
25.8748588757589,80.6718082874458,0.952814072223068,8.2259149005937,8,"A"
25.1335121062584,4.23631630372256,-2.89330396459844,11.2639951922587,10,"T"
32.1600189083256,8.99458746425807,0.374380695932833,13.0865762296557,7,"N"
29.3863678001799,28.0098994808707,1.01448209234228,8.1796719602527,8,"N"
26.3499780744314,67.5424667844633,-1.65266951666149,13.5778840236014,7,"V"
25.9728880343027,20.5189073598012,-0.180291451073148,6.7860473668854,7,"H"
28.1933960341848,48.8310345050819,-1.07926653320929,10.4184784092624,6,"J"
28.5746284644119,10.4607265396044,0.817194102398573,9.51915415719747,1,"S"
31.1156490654685,26.4578400779821,1.28298248710986,9.38995126710523,6,"J"
34.5770888705738,0.184385217726231,4.43567837729257,7.30409823938048,4,"B"
31.4043928799219,12.4824035726488,0.353568514377294,9.88392303791223,8,"G"
31.6562132467516,34.3544780839397,-0.0316492331078804,9.21508222636632,10,"K"
31.8377537233755,77.2752905785482,3.81881791914626,11.4858786688359,7,"S"
30.7790194149129,15.6388887343928,-0.0425465121920783,9.08887407286115,8,"O"
25.1124897971749,17.0973846036941,-3.67904167910343,11.5335237688658,7,"T"
34.6963548124768,27.2884442591119,4.65732560008265,10.6806330587147,7,"C"
26.6923662018962,9.78755604475737,0.659112638672225,12.9399688635684,6,"F"
25.4554569884203,27.4267358599666,1.62935474893349,10.5202406623925,1,"Q"
28.9452764345333,30.9236790786002,1.2585281057149,7.4027508124521,6,"A"
25.7882768753916,3.43651310540736,1.17693464454196,8.21776651017011,4,"O"
34.8426734795794,5.54334576241672,-4.54179346429519,8.89500246909931,8,"M"
30.0166617333889,6.0002116067335,0.337754398011866,7.31982197515131,10,"O"
26.6293695010245,105.988927495884,0.909778422174193,7.52706636916673,7,"H"
28.2871583756059,75.7938155680339,-0.256381957568448,8.36117455138853,8,"E"
30.518425735645,0.837791967205703,2.74700260075127,7.30384853337995,7,"J"
25.6637349817902,14.3628988182172,0.669412870631386,8.14429346956959,7,"S"
30.3347752080299,15.1936155091971,-0.680384499988971,10.2821324504613,6,"S"
34.6072511258535,29.6799129421327,-2.00031732471144,14.5367907353694,1,"E"
28.3377072028816,1.54512285254896,2.81796737100628,5.47621842110758,6,"S"
28.8955371780321,4.95225101709366,-0.1397150769936,11.5208742868723,4,"L"
27.8726553800516,31.4160564901743,-0.954245901443273,9.79946779468072,8,"A"
25.9286466822959,32.6826183019642,-0.0448137858039258,12.0499720942149,10,"H"
25.4008634085767,11.9676944520324,2.6038853397712,9.80957898978805,7,"B"
28.3188259322196,0.521027406916909,-2.29508882134332,10.986277722217,8,"W"
28.8587278174236,14.6950763789937,3.23581184927998,5.1097425267545,7,"Q"
32.093580130022,120.220654321121,0.13560851512412,12.2985688016581,7,"Q"
32.5858620321378,48.09183826418,-0.174031110788477,12.284350949986,6,"O"
28.7785107525997,2.49290232080966,-0.743739605989897,11.1351353475701,1,"B"
32.8678961680271,35.3923205739323,3.0378632086232,13.2775578180319,6,"O"
30.4004259919748,68.0213290601413,0.824702137896787,11.0862954709163,4,"P"
32.4308940023184,22.1897128548747,1.86337577597974,10.1544395861092,8,"K"
26.5668966900557,18.2593662338331,-1.28340764687728,13.1258192914169,10,"K"
29.5585639309138,33.6743876046006,1.30342989931003,8.68560851153466,7,"J"
28.3370614564046,53.6933220247361,1.31478112842223,11.3009827283809,8,"F"
33.898447197862,5.4155868505707,1.21267338233642,7.81880651253012,7,"H"
26.289247747045,5.88920930866152,-2.11358329248221,13.7892831412375,7,"M"
26.1978434887715,59.8002905373402,-2.71300174529438,9.45462121924446,6,"H"
32.7744532329962,45.4873972174652,-1.58997509964742,9.25279429171463,1,"B"
31.8723198887892,16.0544181196019,-0.612376652526073,9.98427997603531,6,"H"
31.6761977784336,15.8488277764991,1.30452823922586,9.73323224832134,4,"H"
30.1203895825893,15.9997256565839,2.32226869044174,8.93228037199369,8,"X"
25.1322965370491,54.125427433563,-1.74228770945898,8.85172267456979,10,"D"
25.7977992668748,108.733809453653,0.687445885018575,8.14020142734649,7,"U"
32.5016840966418,13.772453926291,-0.263046372557762,10.0491160622529,8,"R"
33.4548664558679,8.16311526394192,-0.415780810384076,11.3591428012872,7,"U"
27.7874360256828,65.0422745168497,0.00353002444973914,9.53265596591494,7,"G"
34.5076025812887,88.0975661376372,-2.55637301785645,12.9780002512186,6,"N"
28.6437464482151,2.89603127623131,-1.88617257883293,7.61049665246595,1,"P"
33.5868319147266,10.2399356648508,0.833733687026588,10.0636032863305,6,"X"
28.2213306659833,20.6803936511278,-1.96900160553867,10.8781426560792,4,"D"
34.6395383565687,13.2170050079003,-2.95833062663143,7.38859343003935,8,"U"
28.5936795012094,34.5925833126401,-3.33124866016145,8.9768478204885,10,"T"
28.4037289093249,19.0299479104578,2.63765175941896,14.0752158940334,7,"X"
27.5700769922696,23.1350242767853,-2.03445642980745,9.44374019701428,8,"V"
34.6573076746427,13.208896801807,-1.76827013342619,6.40276873121447,7,"N"
33.9259568392299,10.8470881730318,1.85711398360206,12.5680641513749,7,"C"
28.1544646364637,10.9445688128471,0.132452470743553,8.39204306771345,6,"L"
27.4042520602234,14.9391599606003,-2.41187199668853,7.83785219486659,1,"X"
34.4051795382984,26.5051079597204,-0.916168582410363,11.6832892716663,6,"K"
32.6265143486671,41.0565903211448,1.07278330199943,11.4801832472543,4,"X"
27.4592852336355,18.8175755056454,-2.66135112679795,10.6227731719192,8,"U"
30.5625102017075,78.7246015443843,-0.70081963233776,8.02940490391319,10,"Y"
32.5620737927966,27.1782889018271,3.29583327787885,8.99604753515964,7,"X"
25.2048255922273,15.9481430053711,-0.154895983493882,12.7241188470548,8,"J"
29.0551892737858,2.20402176026255,-1.09790302244792,7.98069765563782,7,"J"
30.671745496802,60.4658028085656,0.867682484711042,9.73252236864111,7,"O"
27.3316539498046,31.2154021380905,-1.37788286027428,7.37791184640055,6,"C"
31.5627717017196,88.141466970171,-3.98552754493826,9.36121874382755,1,"N"
34.4868663954549,16.0238331696019,1.41515048005073,10.3044901295032,6,"S"
26.0643666842952,7.67475834015444,-0.849983053928066,9.61846373975374,4,"U"
33.9188883500174,2.32711954345179,0.910131196794917,12.6271771198765,8,"P"
29.2043494130485,17.9344893107191,3.52233161628245,14.0969608862007,10,"Y"
31.7917120736092,130.083618715294,-2.9370656182034,10.5282942098544,7,"D"
34.9825156549923,82.5510133206289,1.95827078513561,10.6474697441276,8,"G"
26.1434235889465,21.653010449845,1.91805770361181,8.8311027977235,7,"R"
34.096675706096,64.6895404470269,-0.76557075595871,12.825804796311,7,"S"
27.7942437212914,95.2063990333929,0.0101149008967863,10.7626251517864,6,"Y"
25.87294470286,41.4060392683808,-4.89774516327395,12.2329920398077,1,"O"
27.0471505331807,12.5040826883164,2.8572949772408,7.85918607523676,6,"K"
25.6220054766163,17.6568650174886,0.169565007168504,11.8304359111031,4,"Z"
29.5094300224446,38.6814371856365,0.601940375175786,7.47013754767064,8,"A"
33.824302055873,47.5288505268223,-2.44608111642309,11.6666777286028,10,"E"
28.0646633938886,30.2087439211521,-0.534278357380614,10.4248839035472,7,"O"
32.0349305076525,19.0568505227566,0.165957210457709,9.61264638801184,8,"T"
28.3328157197684,82.6793067305725,-1.20707434527944,10.9926339170487,7,"I"
25.3732028277591,50.2836603459842,-1.46097656751105,8.34919411550477,7,"Q"
29.6875326591544,26.2790076701406,-3.09755348298622,7.06410632938562,6,"E"
34.1931926226243,0.55908733047545,-4.15172921392975,9.8326587419017,1,"S"
31.9266591477208,3.68467735592276,-1.22441146535398,14.3062824361549,6,"N"
33.5365904099308,34.105025314397,-1.2250699138988,9.18452608470933,4,"O"
30.4823106853291,4.22067923470014,0.216363808104005,11.3463517891268,8,"T"
33.6401106766425,17.6656609866768,-1.22646100050622,9.62693312546414,10,"W"
25.9385877894238,8.41540950816125,0.977931292943898,9.71053520930839,7,"Z"
29.6478146011941,32.7375348831031,-5.28877798491893,8.47258732327476,8,"T"
34.7533888486214,17.733665247875,1.87722529330128,7.50161708444068,7,"G"
29.7863478120416,20.1521215913817,-2.98692828433373,14.7971000363475,7,"N"
28.0190290417522,9.35554085299373,-0.482610401937696,11.9179300667027,6,"L"
32.4898523534648,12.3155596246943,-2.80533695582933,7.86924651250823,1,"F"
27.6808412442915,5.97557297442108,3.7501203543328,7.94842343425314,6,"Z"
33.8404906936921,58.6287271765001,0.214261069631374,9.2006073530042,4,"N"
31.5763443801552,3.10873692319162,-1.79258938164668,11.195682497545,8,"Z"
34.0414781589061,68.0126195921939,-0.56204066105093,7.05665109565743,10,"N"
31.9494636752643,104.458800566601,1.35576182421184,9.63304650464912,7,"S"
26.6822039149702,32.8570672763947,-0.0249016542112252,13.2469206087114,8,"J"
34.8904079687782,50.7251739104219,-0.740951347596727,11.207710116612,7,"F"
27.5319043057971,34.6201827271346,2.38815025498963,12.5193438102236,7,"H"
34.2148743057624,0.296868528239429,-3.13458201754662,10.2049642087492,6,"X"
27.0604176120833,0.297421660769478,0.0166947738251841,8.43528274821379,1,"Q"
29.5251305517741,1.57306275330484,-1.18017623250223,5.30863623294432,6,"Q"
31.4694165554829,17.6478852471337,-2.79623396933824,8.76289076222977,4,"V"
31.8964527291246,24.4153519686107,-0.0585478263025142,9.64458592551259,8,"H"
27.1879240614362,4.33509909398747,-1.3654386305578,10.2489144887517,10,"X"
27.0096273906529,23.9178269437019,1.08089534443053,8.10035498740157,7,"R"
29.0573519351892,6.17078573382269,1.20152153274619,11.3179680360616,8,"H"
31.6761305811815,42.1650049251444,4.77187720844815,9.13833464101325,7,"B"
33.1323889736086,54.4624272708721,2.15405304870448,12.4724352347452,7,"A"
26.0099333710968,11.0374317472195,1.15475139453977,11.0088852982571,6,"Q"
26.3009641319513,38.826875387362,-1.95500354745076,11.8883167532912,1,"K"
28.6736919591203,5.13426896184683,3.00742022372416,13.1844243541136,6,"P"
33.3198739634827,40.9145215327356,-3.26842221417313,6.01183554943934,4,"G"
34.8013404989615,66.5686326994937,2.6674067285869,12.4328646697197,8,"Z"
28.5611269110814,4.1721258033067,1.48407035179621,9.47604533765325,10,"G"
26.6745739476755,28.3318222614495,-0.235745487259749,8.1352319263903,7,"E"
26.6229170234874,5.77054660767317,-0.268403181993056,13.2710475831496,8,"Z"
34.1468813293613,23.3124732958589,3.13238404103547,8.69014874687122,7,"U"
34.4660344533622,33.5594733884994,0.72351296581669,8.91553576425984,7,"R"
33.5470371413976,12.7600506087765,-0.159650895494276,11.3216578525365,6,"O"
30.2154644601978,6.57792059239,1.1098036702671,11.1117135596216,1,"E"
27.2894533467479,38.5227777330641,0.582208774627266,11.5613828286007,6,"C"
30.4588095541112,64.2046111129241,-0.67275451123625,8.94643542160664,4,"X"
25.2257695724256,55.3575212373741,1.41257926725769,10.8826026023407,8,"M"
31.9280136888847,40.8247595640335,-3.90709763366032,12.9208574979629,10,"I"
28.7284788372926,12.4955588858575,-2.31734954344452,6.30037660379325,7,"X"
34.075396573171,60.0676548083253,0.981828015338652,10.3337371883716,8,"Y"
28.8967252755538,23.6919061547581,-2.97616330010043,12.6856379245704,7,"Y"
33.7586214556359,79.701977051739,0.38939733632204,6.84301108577052,7,"A"
27.2777953720652,43.8697737802692,-0.0790221026056021,8.77089810467578,6,"U"
27.5248287431896,92.7287417599812,0.0158770964030132,12.89412519452,1,"R"
25.2552592288703,12.1026884395797,-0.779993580110566,12.3745795794372,6,"B"
26.8181517603807,71.3031472414177,-0.743479542141201,5.98201828907814,4,"U"
29.9036187725142,20.7968143733654,-4.75647559814174,10.3595027570367,8,"G"
33.2430452108383,15.5163066834211,0.646461855768673,10.3146638605414,10,"O"
29.9433893128298,172.424075146368,-4.61238131604332,9.72435471737446,7,"M"
25.9259711112827,21.6665341222114,-0.0933376589971485,6.88952321832585,8,"P"
32.382042997051,4.83908348612515,-3.24674353909857,12.118012205604,7,"Q"
32.6298493659124,3.76433354336768,4.00371951892461,6.65318934590112,7,"E"
26.1104982928373,20.6757323490456,-0.430016536472375,7.46554857551893,6,"Y"
33.3280671574175,31.8239792768026,-0.29127434640952,6.83446169723516,1,"G"
29.5559958624654,35.7909446383331,-2.08249363455843,11.0410730505202,6,"M"
31.5110520389862,16.3030211487785,-0.390985488640177,13.2217095112555,4,"A"
33.0656341579743,19.9160779220983,0.942408948381748,11.3110224026029,8,"B"
27.7343072369695,22.788825490183,0.258779381862596,9.89328718258633,10,"X"
33.6313673574477,46.8096780379243,4.01323539632749,10.9555268313875,7,"A"
29.6816242765635,87.1330397525683,1.0821145575169,9.14841012982467,8,"X"
27.7878457331099,0.412268581050349,-3.35392482660405,15.3270044766806,7,"G"
33.3863138244487,43.1911435511835,1.54043267376284,10.6180046123149,7,"O"
28.9019970502704,75.4490168168585,-0.222794001462498,12.7178146282928,6,"T"
28.9257678808644,11.7536758398637,-1.32984565631614,11.8241917802761,1,"T"
30.547028593719,29.509229537702,0.890838748215265,7.55524204014492,6,"O"
25.8189111063257,0.308161963703563,-3.19440444263579,11.2934624370808,4,"S"
28.1197720370255,4.19492007386847,3.01932341184162,11.1959885173919,8,"M"
30.3646889794618,8.80238618988922,-2.10152927568898,11.0640074294473,10,"V"
31.3521962217055,12.4554098874109,0.546202358735693,11.4287578596906,7,"C"
33.8397871120833,2.01124354731292,-1.17161010469761,8.99288725076425,8,"J"
25.7496109139174,31.9643552135465,1.71844116915209,9.28995950752048,7,"M"
31.047752762679,2.26633119396865,2.47249702079238,8.81843258736427,7,"X"
32.5762247294188,21.4487977778975,-5.04863695982206,9.04435945191579,6,"T"
32.8410558030009,3.8110616337508,0.523671018735369,10.6573560534949,1,"H"
25.6927071721293,38.6760211630229,2.09107046537155,9.27705514319992,6,"M"
25.7934107794426,13.2795906951651,3.22379214719814,12.8831778630058,4,"K"
31.8555891560391,11.7018948029727,0.504854402470035,10.8005750561492,8,"P"
34.1305046342313,26.2949079448793,-0.139162187298609,10.79376804077,10,"K"
32.4525066628121,6.99403565612977,3.9544144950734,10.5024932859829,7,"A"
34.5667716674507,19.199197422713,-0.196341310873943,8.01463909001655,8,"S"
26.8966489681043,14.8841234715655,-2.0882585481539,10.1000708636259,7,"S"
28.8950116490014,7.390115000636,-0.202450454676189,9.67958523655421,7,"M"
33.8057847972959,8.21626449990959,0.326368671652236,9.47039098013511,6,"L"
34.3513286462985,144.111913397797,2.29478040518402,8.47891658499732,1,"A"
34.7939948900603,0.718555401933051,1.59698776120315,10.2036976698963,6,"R"
31.1998463887721,0.374190080479173,1.34155952922799,11.512153392541,4,"G"
28.7646811688319,31.810106326497,-1.65091586392636,8.97079959632258,8,"A"
26.4131599478424,12.1463987091556,0.544162986593574,11.5956680147537,10,"Z"
33.7435557809658,7.79907296450501,-0.765020242458222,12.4241756741334,7,"K"
25.3168501285836,31.0008536080334,0.430919068118897,12.2980052802425,8,"U"
28.151056796778,50.5113190946109,0.754377999758367,7.24356706458973,7,"K"
32.458672078792,23.694758460528,-0.27802760863887,8.83518910660599,7,"O"
30.0143339834176,38.132349437705,0.882179801464449,12.681156373077,6,"E"
29.8328436817974,0.513001685030758,0.416137017912827,7.85026247239495,1,"E"
25.8648028038442,5.32373590394855,-1.58055708034727,9.05389620028882,6,"U"
34.36920927139,16.1941331997514,3.80024433052849,12.6964606235732,4,"I"
29.982638861984,1.18977041915059,2.09105483697312,12.3453161834672,8,"C"
28.5932055581361,45.7251837638147,2.75536214335304,10.6017634289475,10,"A"
29.8456526570953,15.5980615178123,-5.07903536915114,8.98601361035475,7,"J"
31.701498888433,7.50233821570873,1.20398414915583,14.1944745577138,8,"J"
25.2941933483817,106.598730818402,2.79994925640112,11.4088167661026,7,"I"
33.207830186002,16.5981978178024,1.79953257146485,7.80336916571565,7,"P"
28.776824073866,62.1932011258729,-0.253026242575633,11.8897189225923,6,"A"
27.3804847872816,10.9191866219044,-0.1824554204282,11.0666060709871,1,"H"
28.068420572672,29.7544466114467,-4.18647825465518,12.0788637792247,6,"D"
28.9185624755919,23.9215321360592,0.0198542799716808,10.7142629545239,4,"Z"
34.8773297457956,59.1607699176901,-3.08935496848143,9.44053551550259,8,"R"
31.3825994753279,8.14197480791631,0.21104428905438,11.2811672838538,10,"W"
28.0512280855328,1.51053819160695,-1.4304535704287,9.66115375176055,7,"T"
28.6773335444741,0.726541021779275,0.447852209562022,9.62717039653801,8,"S"
30.7586173480377,10.6078783515841,1.9363742739553,13.1742019209027,7,"P"
29.4398905476555,59.8037390678003,-0.137612099636842,8.63337750743964,7,"U"
25.0179899018258,41.6024024200566,2.01258854491391,10.6033387668368,6,"F"
25.5221806280315,2.69388598389924,3.35438225956582,11.5088220403789,1,"N"
28.0521854758263,17.5696265185252,3.10309640775942,12.3756183798008,6,"J"
31.3541684555821,38.7225965770397,1.399940873937,11.1735942469491,4,"U"
33.4748963429593,37.9585271781746,-2.8823457090375,11.7761195992986,8,"Z"
33.4081678790972,11.533908523579,1.15644152998096,10.708082644603,10,"F"
31.6775874933228,24.008410059518,1.78591202094251,6.97101185053984,7,"D"
27.6805130788125,0.171936251079905,0.300049603087741,10.6214377007085,8,"O"
28.673200646881,39.5138673192326,3.98447806483919,7.34691821949694,7,"K"
34.4860884547234,24.5094619585637,-0.448173478326917,11.9515091410821,7,"Y"
33.3791131642647,8.48043810644798,-1.78807766299743,9.07336967944954,6,"X"
26.314883986488,24.1562320465658,1.68298899357859,10.5984758092,1,"Z"
33.6391405737959,8.92790091689676,-0.286650610404274,9.77537491651568,6,"R"
29.8031341750175,7.46304729022086,3.59753204596575,10.0015130155901,4,"I"
32.5330839119852,57.4501281020172,-0.907608759252171,9.52284323662396,8,"B"
34.0205202344805,22.9034624329273,-1.39956433867705,5.77932536457848,10,"H"
27.1227706200443,16.4413514826447,-0.47297720625562,9.69582161982313,7,"C"
30.8196963998489,31.8076274903927,-0.903788612215852,9.78950981377625,8,"F"
32.786978171207,8.51731987204403,0.911945337901556,9.27012143924983,7,"X"
31.884656813927,10.5519106099382,-3.52341439750742,11.3692998844842,7,"Q"
31.9553850451484,44.4097781714923,2.79673145767022,9.92775226097489,6,"P"
26.8439413816668,64.0709323957007,3.25128494648943,12.418471324076,1,"R"
30.3976073116064,8.65691447630525,0.33272675648443,13.7710904933732,6,"I"
27.1768210758455,49.3497258399553,1.74620566262055,10.5050185963582,4,"O"
30.7295363675803,28.5113603329722,-2.3028425237287,7.53445072794686,8,"S"
28.6234115622938,50.7036015738673,0.147246654788035,12.8472287329063,10,"L"
28.40771273477,17.1292562142206,2.12558315843062,8.15453822668899,7,"M"
32.2203862993047,4.4196833781662,0.698196827327765,10.095452986652,8,"S"
30.109539013356,33.9356389792055,-0.354451341263387,8.40489523933169,7,"L"
30.6872144853696,0.0238451740375317,0.664523454261181,8.08132593636088,7,"Z"
28.9047819119878,9.44922368042171,-0.114306020975989,7.65457744213078,6,"Q"
31.1738417111337,12.364889876917,-4.60131206133783,11.4777624751254,1,"P"
27.0940512232482,0.658324013460313,-2.79125590818082,14.0162455920368,6,"Z"
25.8205429068767,11.9954261882231,1.7898890742904,10.5384144755665,4,"G"
27.3006092361175,0.3245701605732,0.0592060756817294,12.7705288517987,8,"I"
25.7105412008241,11.150531815365,1.27308078854468,7.87176978798647,10,"P"
29.2944896733388,4.39347531114499,2.00502172067876,10.6634938190291,7,"B"
28.2227163878269,36.0887085074995,0.720006352066798,7.69149299118947,8,"D"
32.2664156765677,127.164615515761,0.18805362761877,9.02933387043236,7,"A"
33.7310833018273,25.5065618722204,0.389751816873659,7.51086149754803,7,"E"
28.3817936806008,100.085579971398,0.6111972976508,11.3626784443614,6,"N"
34.5976747269742,15.8673672610894,0.255098478462455,9.06163923817851,1,"R"
25.2179123088717,22.3272790095273,-0.931710537645932,9.9197517582928,6,"L"
27.1831857250072,28.9564477070856,3.44096505807654,8.51513978611652,4,"J"
26.3204896682873,35.3941642294142,0.178710684880997,10.7961334491901,8,"Q"
28.6813979339786,8.06531068403274,-2.34509364366832,11.1627860710013,10,"G"
26.6328145400621,32.0753474893484,-2.56580200627836,7.5513966862798,7,"M"
30.9561770828441,42.4850860026605,-2.526429367131,8.65927389714633,8,"G"
27.8484193631448,46.9468014493713,2.47841554012894,7.80541158129876,7,"U"
28.4086366649717,12.5407652836293,-2.08023470455238,9.38627788301145,7,"R"
25.0499496492557,5.45490242075175,-2.44432362263899,12.0168734904257,6,"P"
28.459895583801,85.4337587746685,-1.65563291699688,11.9931436314482,1,"N"
32.4878598307259,29.7548863837931,-1.53701407963576,8.90902631381337,6,"G"
31.2196915154345,54.3950044152267,2.04105385047591,9.28845026385254,4,"K"
33.0211481405422,13.0636195885018,-0.320981325542453,9.402810347965,8,"H"
25.7055546389893,17.0445381989703,-1.58705570760561,4.07234652370602,10,"U"
28.2605767785572,28.0423223028395,0.719924526443923,9.54396408301161,7,"Q"
28.6323620774783,108.41912196319,-0.4401251137064,14.9869051313312,8,"Z"
34.2380535160191,4.67799014411867,1.03621795853528,5.99956238508248,7,"O"
27.7159732091241,22.5671333155099,-1.13401898260055,12.7280588614066,7,"X"
32.789837657474,8.86540071107447,-1.57030499781703,8.91809462540788,6,"V"
31.6026139445603,22.2035647425961,-1.20543071812509,7.99083196597214,1,"N"
25.138461375609,39.8836420743231,1.21781740958867,10.6200179402199,6,"B"
34.7116842470132,33.1749249295684,-1.74650458508697,13.0347235136142,4,"R"
27.2195126395673,13.4498079959303,1.19009415085519,13.6795534592657,8,"P"
28.255760173779,3.8321320527681,0.664517634327956,10.5054831576463,10,"O"
34.2935467604548,10.0921966508031,1.55532101763487,12.4579188034136,7,"V"
33.86790035991,13.8017903314903,0.841684273756127,10.2229511798531,8,"R"
27.467455312144,10.7495355118022,-1.65688145889447,13.6598929371428,7,"D"
34.1952315531671,103.912752265657,0.316483943890055,9.02364062718614,7,"W"
29.0602800389752,14.7713611274958,0.692332102889699,10.3320951466801,6,"D"
29.3742690933868,106.482456015354,1.95088842967035,8.30540491901439,1,"R"
28.1887676334009,13.4644491298641,-1.50797432360161,7.42918209007536,6,"T"
30.0039945659228,64.5213912948411,-0.498686686249885,8.27822914076724,4,"H"
32.5545780872926,55.6457320542652,-1.74696442988883,14.6017872943395,8,"E"
33.3012779452838,22.0711455109034,2.80243036750657,11.3450781455307,10,"Q"
26.4740182319656,2.08028835966367,1.65526341638747,7.3168151172532,7,"P"
32.0471897115931,6.01960769388825,-0.666402057154883,11.8086232453269,8,"X"
33.10262654908,124.451282930778,-2.9830822945004,10.0365029234354,7,"Z"
29.0742279496044,4.97428384143859,-0.293257605181065,10.1608901438763,7,"O"
25.8955176291056,1.30569983739406,-0.0155435127476902,10.2499136282858,6,"F"
34.1460076021031,47.0889399283769,-0.932542583598431,9.62974006583783,1,"X"
32.8089328971691,26.9453133897363,1.62288846794959,11.2576668196687,6,"V"
34.1426089964807,75.7037230729501,-2.5384475921173,9.96073721969313,4,"P"
31.6423804033548,25.0032128287915,-2.48756689483782,7.93884255900055,8,"Z"
28.0010592238978,86.3881721775959,0.0944027645063411,13.3027480927409,10,"I"
26.6660002153367,1.57733440864831,-2.12081774423787,8.13078591370957,7,"B"
31.0031550726853,0.895037082955241,-3.72952667351641,13.3681884318808,8,"Q"
29.2399094696157,14.1411838727072,1.38559901151205,9.177056089446,7,"I"
29.1628272249363,2.83060285172324,-0.5430636973717,8.41765552119312,7,"H"
30.6744576734491,18.0943823419511,-3.35895271846301,9.14493903785209,6,"I"
27.4549295636825,27.860755200251,4.18789781030194,5.79506864920551,1,"X"
30.533468008507,20.7346397358924,0.30374494267256,9.04405622665172,6,"O"
30.7291415845975,8.1103528663516,0.880632412958832,10.7159457978977,4,"V"
26.9538075081073,145.974826412767,0.136843183912064,11.8823571008099,8,"K"
30.0799662806094,15.8957704421779,-0.223652289182767,6.55238309471631,10,"Z"
27.1019809879363,30.0985776344587,1.09546038047811,7.6842210737493,7,"H"
34.9296138295904,7.44817461254053,-0.397311414020518,8.43343073414514,8,"F"
27.2854337887838,16.2760422611609,2.24539700857296,11.7156750596823,7,"K"
26.7355910455808,41.9033973452575,2.65266473585042,14.3342504281825,7,"Z"
28.4049947047606,11.145930737257,-0.15260139285057,9.16995245154526,6,"F"
30.6711620860733,7.28093662764877,1.28637864225807,6.82440031793913,1,"P"
34.8125634179451,9.58508598650235,1.66811642819652,10.3856050468414,6,"U"
25.9271138068289,59.8656479802854,-1.27715340756828,11.1123198236226,4,"W"
28.2019685348496,0.871932493515172,-3.32518002541645,10.215750336738,8,"G"
33.8487775600515,7.65921729616821,0.0522023691607678,10.5941832393505,10,"Q"
34.32389855152,13.2453333958983,-0.592838547733092,9.74767092721708,7,"N"
29.3367462512106,45.8788310897477,1.41613385282951,10.0269880512535,8,"H"
30.7303819200024,0.308691578983788,-0.525462111499892,11.3757088392035,7,"O"
27.401508486364,22.4706280299173,1.10920111956195,10.9026063757395,7,"B"
30.0687504792586,15.983438808471,-0.811587836422422,9.88224535779355,6,"H"
30.4714060155675,3.6470048641786,1.3367757086983,6.44206575289104,1,"A"
31.9215027801692,70.9612304120701,-3.20248637804267,7.48039035624862,6,"N"
26.3861325592734,16.5130988419082,-3.21381800391793,6.51653444635816,4,"F"
26.816084003076,15.385582454962,-1.36053904854149,7.52013163544533,8,"C"
27.1849405625835,25.6410423281107,-1.37978770258543,10.3831925589734,10,"J"
28.1469728890806,11.6725892946124,1.17953458231972,10.3979846553632,7,"D"
26.6172703867778,19.8919069999829,1.31087852823387,9.47033741273283,8,"P"
26.6935375868343,0.270548849366605,0.277119187277111,8.76980219487238,7,"E"
31.4098937436938,2.89639388211071,-0.766307773460438,12.5193288104273,7,"N"
27.000328451395,13.4414529360587,0.841724814023565,10.9738634378949,6,"M"
31.4416086743586,73.7158484532874,2.44210368417186,8.39814700929127,1,"Y"
25.8225702564232,3.27306161467404,-0.257973666346354,12.3703702179352,6,"K"
34.2223758855835,84.2123434272022,-0.455976448495844,11.05039904792,4,"I"
25.7183206710033,132.522265270241,-0.217411345269915,10.8471580844848,8,"H"
33.1589463166893,3.71548240073025,0.661901962545164,11.1273739133939,10,"A"
30.6375654507428,22.1599631693443,2.91130411227226,12.4444652459594,7,"N"
33.5422056447715,45.9948583108313,-1.27480562327973,11.2635109852394,8,"T"
34.7333812713623,5.50828191451728,-0.492425418823085,9.0642006121494,7,"A"
29.7082230285741,18.2809601398185,0.38928674698314,7.22508697253291,7,"Q"
30.75166962808,2.01034475583583,-2.39052188645824,9.712362778491,6,"R"
34.0470744622871,9.95289931073785,1.62628409677668,6.88339282487655,1,"O"
28.5600770381279,6.79131988217377,3.2959646217747,9.35992210438649,6,"K"
25.0030230008997,32.8963979399084,-1.93332384158271,8.44459520800475,4,"T"
30.8749325526878,5.7926150970161,-0.190661509963679,8.58325651750515,8,"M"
25.0721140694804,28.6530616203063,-1.6327646057244,10.2956951839282,10,"Y"
28.0410672468133,57.6175627087183,-0.84470527906443,12.2949070448349,7,"O"
26.774433630053,50.1879069370158,0.00923747709360342,9.158989618695,8,"C"
30.0037281145342,68.3575113266151,-0.437760264649271,10.095180261082,7,"G"
33.1061953818426,6.61903736181557,-1.31622162376289,11.796769134253,7,"L"
31.4545645774342,32.9325149102572,1.00907081945,12.8621868605971,6,"X"
27.845637339633,1.43080739967543,-0.704995018414807,13.0183301442279,1,"T"
32.064695826266,16.9472564058378,0.461276143507419,8.85564170379868,6,"X"
33.9922254020348,0.278446624321312,1.00587153542544,9.5545881800793,4,"M"
34.0022801025771,7.46221691464867,-3.43381493704325,10.6817460236097,8,"V"
32.0235112402588,38.9201400695804,-1.20792140913569,13.2544927551134,10,"U"
32.1455147210509,2.36719435080886,0.540594114790243,12.1667058900226,7,"W"
32.5753204035573,15.4901310615242,3.11805874970487,10.8639862373637,8,"A"
27.2391004161909,7.92640891391784,-0.244350715240412,9.82373523055952,7,"K"
33.1260488345288,3.27434949839742,1.16494664136212,12.6646876946384,7,"C"
29.2084537120536,10.0761140132318,2.18828561064306,5.87848305540761,6,"A"
31.6191594279371,51.7491889533527,-3.04412544189718,8.52061539256676,1,"J"
25.8982127229683,5.11773067762048,0.00997198063054406,10.404962792565,6,"M"
27.2894707461819,15.1454861881211,1.92451713382193,8.72684903072212,4,"F"
27.4189244746231,47.5101617884762,-0.522636562079059,11.7518966867857,8,"O"
33.5563651425764,10.0682087475434,0.271456812688956,4.57626753527863,10,"J"
26.0571547760628,16.6757240239531,0.826005633590056,9.12918279747598,7,"D"
26.0504426225089,11.5965193882585,4.12494318307253,9.79589534553232,8,"K"
26.5273144305684,87.178126941968,-2.55974344519317,7.64145790554713,7,"R"
31.5716103627346,96.6220964440956,-0.949928284287138,8.22969986209366,7,"Q"
32.4371268809773,28.92337824411,-0.126269879331998,8.19392205609052,6,"Q"
33.2928410405293,119.678373349117,1.20329709960873,12.5669427799666,1,"D"
29.9086310598068,1.11077570445058,2.0954638849171,10.8018223014273,6,"L"
30.4304497689009,21.0263552224699,0.218756099135945,9.96291312403802,4,"D"
29.7019946807995,13.7952577834949,-3.17567911776551,8.96716627948489,8,"A"
34.6416722680442,81.7667655795257,-1.25462243866599,7.89144400520774,10,"K"
31.8807936180383,20.1941333105788,2.48242408797622,5.56576706614674,7,"H"
34.1166200325824,17.3244723910466,-1.21907868414429,10.3317826782821,8,"P"
32.560283895582,4.07737215390691,0.727608565516674,11.277066707912,7,"K"
28.6507234442979,46.9483636108167,2.97843242749766,8.59830334315252,7,"K"
29.8732144990936,23.828711331493,2.37238730879657,10.3101131084533,6,"R"
33.9936601230875,17.1658885013312,-2.4850533586268,8.69232659876127,1,"M"
27.1471215505153,2.22214463632554,0.786351884700193,8.59537441984296,6,"S"
33.4040335379541,27.8145115064893,0.645004093346047,9.96722042286786,4,"K"
27.5488657760434,24.6310817275843,-2.04779449244255,7.52525118211132,8,"T"
29.5502428803593,3.92619428224862,0.945298392237312,7.49713061269138,10,"D"
32.3778468812816,2.67299913335592,-1.12888695765242,11.2564680252073,7,"S"
29.9006236344576,14.2400951078162,-0.541143839343646,12.8605060036724,8,"F"
27.9775924561545,42.824822028441,1.8281536554956,12.1516426584668,7,"F"
25.9201400028542,146.543869572252,3.20792540700727,8.07766062464687,7,"E"
31.2358567747287,76.4251009523313,1.57746685478583,8.87332239612005,6,"N"
25.3484116028994,77.3798589556854,-0.687021283415439,11.1203921316067,1,"L"
34.640779083129,30.2102260930899,3.98271462149542,11.673654964986,6,"F"
33.945972060319,40.3357453352276,-1.2709658570022,13.1527454537301,4,"Q"
29.7546677640639,22.2189199642229,2.54942533175068,9.16265621042067,8,"K"
34.5167893148027,22.7890120154682,-1.19353511048637,8.33210356413397,10,"G"
29.668891557958,32.5303151142175,0.390820088880314,9.57107280636776,7,"V"
25.6046637007967,16.2988584022969,1.18178476396552,10.9078269412744,8,"Q"
28.7007406027988,6.60208300687373,-2.96664660176366,10.8288711141112,7,"H"
28.3013714570552,115.012023461269,-0.561443840945464,13.5011691984764,7,"Y"
27.6049592881463,14.8697782214731,-6.01164570309607,8.69799270141352,6,"M"
26.7820801539347,0.23647061543117,1.35511004216847,8.47476837011612,1,"C"
26.4598104194738,12.7239810023457,-2.56942333083975,11.3459597701821,6,"T"
32.3882752866484,68.6606273203533,0.851193580468172,11.866865522067,4,"A"
28.0406357301399,7.99677175004035,0.0958219674025875,9.38567484704816,8,"Z"
30.5799270421267,35.6728609173063,-4.83241678975729,10.3395283795601,10,"J"
28.1069365842268,12.7573346070752,-0.937802718878751,11.8714803894213,7,"D"
30.9300632704981,19.2717882525176,-0.613243728730788,14.0714186122405,8,"V"
32.7098094741814,5.87107651985119,2.06946512565633,8.77371058224349,7,"D"
34.4669984327629,81.9167340322774,2.27544553070917,4.20182626469998,7,"Q"
25.3811200917698,9.01888313703239,2.28192415297525,13.5602823743561,6,"X"
27.9675076971762,11.4405354810879,-2.06774764281829,10.4833507423194,1,"D"
34.8121443833224,180.675805349997,-0.639609451724137,8.60951218910977,6,"K"
30.9272352815606,7.03280731561491,2.89932610767806,10.6151371773463,4,"K"
28.9609151170589,62.2220792968698,0.252263095238727,10.1173676278675,8,"J"
34.4279766525142,20.8107775266953,1.28064972476789,11.0251852151546,10,"U"
30.0733316317201,62.655802326332,2.66530574644905,11.3323333673044,7,"X"
30.4537323280238,73.9973785876672,1.29855788349189,9.58878828834643,8,"G"
32.6661599078216,3.20961930193456,0.824692201443096,9.28761078115643,7,"T"
26.0127457370982,0.498514263890684,0.538320218698558,9.05400089919187,7,"X"
33.9837584481575,39.3825406382296,-0.532569826255343,10.158510779961,6,"D"
25.2547727990896,66.8883510082405,-0.877028249568593,7.51739688467917,1,"G"
28.3668742142618,13.8506387919188,1.62128676909186,8.76175105017685,6,"J"
28.0238254298456,7.02789518702713,1.25880325175051,11.0531639960948,4,"I"
31.5506352251396,4.53256144690094,0.399710249170247,12.1003382778307,8,"B"
26.9646825524978,21.4036067134173,-0.356101966625419,11.0111895379561,10,"V"
28.0493381014094,12.4027185793966,-3.43260036656112,12.77179072048,7,"M"
27.6125730038621,36.0527047967974,-0.359573294282111,11.9754584336801,8,"Z"
33.4663925389759,55.3308122898329,-2.09076856752197,9.79251998000648,7,"L"
29.2257680324838,11.5219190390781,1.8500487972856,8.3949185619513,7,"P"
31.1935260612518,27.1869098009977,0.589469293461895,11.2694066978063,6,"U"
30.44416367542,27.3667200921539,-0.952094282673137,10.1335993089823,1,"Q"
28.2621332257986,10.814351211302,1.08335559445649,9.03998295298582,6,"W"
33.397350802552,1.01427034009248,-0.708044467750587,7.22684849948973,4,"D"
34.7138861753047,3.87370865575324,2.49768472525727,12.6963061357266,8,"R"
26.4574777730741,51.0425396855218,0.493460931227481,9.907724446075,10,"D"
27.1663435827941,126.602590495543,0.395263369257217,8.25815384581273,7,"Q"
33.9560727239586,4.7344327626578,0.271793740688248,9.62814337349915,8,"D"
33.2287711533718,4.82673571910709,1.56882709722968,7.48278392316044,7,"Z"
33.1451403116807,10.5224275868386,0.277774350288285,7.02491315392263,7,"G"
29.2678162548691,10.191373169597,1.25710673894887,11.2299352220578,6,"T"
27.8575788764283,29.9985347582463,3.83899393852995,10.7249922299752,1,"B"
31.1336865578778,4.2617536450979,3.3023598744274,12.3464537359429,6,"D"
29.1658311081119,65.9016919547117,0.551794636320753,10.4083174369183,4,"M"
33.5231731832027,45.1945401144154,0.292394424041382,9.34494574980666,8,"M"
31.4588602003641,41.1527899546984,-1.51688883448279,15.1506468158355,10,"I"
29.3871856294572,59.9967424546309,2.3840517598114,10.836162020328,7,"C"
26.0640681837685,27.0387885766938,1.17626729448646,10.3839219572666,8,"K"
31.628959083464,21.0158314822254,2.77424638783294,8.2703715357675,7,"O"
27.9205251578242,15.2194097684696,3.03227446851487,12.1394280600982,7,"Q"
32.5876886188053,52.0243700754769,-2.02091920555394,7.54455780271868,6,"A"
28.3260019682348,0.253790561109781,0.129318812344139,10.479853877385,1,"Q"
25.8113307389431,42.5020013828165,3.32834324548964,10.5594473845383,6,"Z"
25.4370856354944,19.87018649932,-5.25152737511055,8.96079664514358,4,"N"
34.6814477303997,22.1324489368045,1.5020143688133,8.75285937230847,8,"F"
34.0045122546144,0.578581693733652,-2.20206424454619,8.72637745894747,10,"W"
31.3209206797183,45.4713463568746,3.32707313503648,8.69785422848189,7,"V"
25.0194179872051,1.99229654856026,-1.68132522371608,7.70466078090494,8,"K"
27.5405549630523,58.4495471765227,1.25218691256463,9.57504415937284,7,"S"
34.1400530328974,6.67879143264145,2.05609808364483,7.37567005960404,7,"D"
28.6100160726346,0.831914747641989,1.06043815808483,7.9804609687931,6,"V"
29.6483444073237,9.6780467897813,0.714848144549896,9.55232132945662,1,"W"
26.4389563468285,8.08026237878948,-3.56417091065126,10.2316822793757,6,"W"
28.1467641936615,170.979703640503,-1.62681202221111,8.74087224397358,4,"K"
33.6280082701705,25.2796174573216,0.0878269081503462,10.9356201464317,8,"R"
26.1317321006209,13.7834267690778,-0.0554908898770917,10.2686410469381,10,"L"
27.8846223512664,0.862001184227785,-2.07869263061349,9.24377045330137,7,"W"
33.915197472088,23.1009325002748,0.910584773921199,9.48091843083739,8,"A"
34.4612877932377,78.6271739899557,-1.02492263798019,10.5596093302005,7,"G"
32.6962110144086,10.7824737858027,1.75050635651528,8.87571114634157,7,"W"
27.749959519133,7.22185647580773,3.42516971133966,8.81718661145478,6,"K"
30.9123214404099,34.6216036832396,-1.4729388897615,7.79823987690472,1,"S"
26.8372113117948,24.3331779340718,1.17094528362949,9.25465587302882,6,"Q"
29.7313096304424,110.356471559315,3.45007697746423,11.9413350440518,4,"F"
32.326313960366,26.6811715487854,-0.0727011704032196,8.9119402814377,8,"C"
26.5659675374627,5.52383465765477,0.492865614819756,13.5544483027834,10,"T"
28.7202442972921,1.05309727136046,-2.71619046506139,8.87755912710623,7,"B"
34.9559814156964,5.14891153201461,1.98059385922459,15.4631285826654,8,"J"
31.9130207318813,38.7155670939449,-5.75721453801104,7.49040819455314,7,"Y"
31.8375485646538,8.52260218933225,1.35258146572854,6.93205214359048,7,"H"
31.4157053944655,18.2666527479887,3.47084824810695,8.84290756624685,6,"G"
30.7892520492896,17.1496931277215,0.199395518752414,11.6407730499642,1,"N"
32.8166901948862,55.3712966233353,-0.357529104012432,11.1585729810521,6,"S"
29.2080910596997,16.5532111935318,-0.452465205648446,12.6894213948724,4,"V"
34.4881921820343,12.4978942376914,-4.36180480771938,11.3237950882674,8,"E"
34.1308957221918,18.1918749958277,2.77705335060814,7.86081975039524,10,"X"
31.089258689899,22.4429618444794,-0.232530075486743,5.84575544688808,7,"T"
29.6356014884077,60.9288042758532,-0.82020769903734,8.49666912921348,8,"T"
32.5352612184361,84.3125075240874,1.37601521347925,7.91815139352359,7,"I"
30.6523869442753,16.5301346825436,-0.00357751179256356,11.3257873584089,7,"R"
28.3402155921794,12.3849656106904,-3.17464242290217,8.39664044281017,6,"U"
28.8181309215724,2.57260715123266,-1.17987685553963,7.9299021129566,1,"L"
27.8592342766933,33.7993468331609,-1.83746160071163,10.735772246183,6,"D"
29.5153392944485,24.9186689880741,1.00212538292971,7.96976248646885,4,"O"
30.7474371674471,53.5050210831986,0.993244804409083,5.80242247987625,8,"L"
34.9026713613421,29.4493131233815,4.19600892809857,11.8002310698756,10,"P"
25.1888681552373,25.1748618066603,1.28268682302377,13.1765962282212,7,"U"
29.8722582100891,31.7191998089168,-0.183376033294873,6.42027550271903,8,"Y"
28.6602305900306,22.7851336809311,-0.827450054242941,7.07130651373487,7,"S"
34.2543131392449,20.3151558386162,-2.20883046687469,9.83524473931582,7,"Y"
32.3920949897729,19.786623059772,0.710497385872247,10.8460598381948,6,"E"
27.7493007946759,1.97856911458075,1.22906512782748,6.87469282061591,1,"Y"
27.4105438962579,28.0827304242615,-0.110415585704801,9.09025620354661,6,"Q"
31.4614518242888,0.321605130325528,-3.34428998572164,11.7609379197256,4,"R"
25.0434535322711,7.67481348571791,2.12481470862329,5.42602448249951,8,"N"
32.857315777801,35.7673079621438,-2.82959286508891,7.76310408579242,10,"P"
32.8631672775373,19.4088978879154,2.46922119943246,7.87542801703966,7,"W"
26.2746168882586,125.411402276052,-0.720645682190936,7.02767607524305,8,"J"
31.0989719373174,19.0401315176859,2.20928503479219,11.4722024396409,7,"N"
34.9351993808523,12.838825522922,2.02774703012667,10.7039281186487,7,"L"
31.2708907248452,19.0164568812403,-1.56367624026757,10.5264067124345,6,"U"
28.6949905031361,10.032444158569,-0.723652267485064,10.1338575466753,1,"B"
25.8106356812641,26.3747362706233,-1.93559738899728,7.70395058565065,6,"P"
32.7227640943602,7.16534807346761,0.515558841624244,12.0746819711611,4,"N"
32.1721757180057,11.0997897887616,1.21899220074749,12.7014294779467,8,"J"
34.697014153935,11.0738054662943,-0.0244707379125412,11.389863573591,10,"L"
25.4480440518819,4.00518695823848,-0.713058910574616,13.7043090001306,7,"M"
33.0247726314701,16.0348149295896,1.223109671015,11.9017077532388,8,"O"
32.1331879054196,88.3987369414953,-0.0248230240161219,5.97667577002969,7,"W"
31.416242881678,28.0820589168808,-1.68379738602616,13.1303926243417,7,"T"
25.7697533234023,42.1155179521838,-4.46770181795607,8.81216728792764,6,"Q"
32.4625556683168,29.428116677994,1.94554564694254,7.13200483318915,1,"M"
30.3709325380623,6.17038687225431,2.30525778420396,10.7482434380116,6,"P"
33.6759341671132,33.3945292128686,-1.0853553622132,10.4532993770029,4,"T"
29.6876055118628,30.9950892614637,-1.34374462603715,7.68128980932071,8,"U"
26.6837919177487,28.0530112969194,-1.43887521304881,9.73283084091164,10,"R"
34.1921044467017,4.20815073419362,2.45024306226128,9.99266259645481,7,"W"
34.5745991752483,80.4747173338573,1.1863744656586,11.1896582984068,8,"C"
28.3455004845746,44.2891873059221,-0.0489138439160876,10.7113868292331,7,"P"
28.8166504213586,24.0125043800939,-0.692282385208795,9.77064362868312,7,"E"
25.0939927552827,3.70367488303865,-1.07997891271485,5.82211942713859,6,"T"
26.3461569999345,4.62632670242724,1.89215654347656,6.83674088712563,1,"W"
34.2158046131954,5.44755418784916,0.82075845619352,8.17322153322637,6,"H"
33.1314272806048,9.54367524012923,-2.8523085190822,8.78224151023417,4,"W"
27.3231739224866,56.3386736598737,-0.982565456870873,9.11576484551424,8,"P"
32.4560949834995,0.643261587247252,0.701077326587047,9.52553385095565,10,"H"
31.4967708010226,17.8446608455852,0.628271910058087,6.08254565472397,7,"F"
28.4418787923642,14.7224502498284,0.709750846244012,12.0771066143365,8,"K"
34.246366857551,8.24934606682805,0.0790355152266738,8.93926775356926,7,"K"
32.564556831494,24.6941269922668,3.05878982685444,8.85689227991538,7,"N"
33.4850488323718,95.1655036160603,-0.177291138538008,10.0675199766374,6,"Q"
29.4502360187471,34.0987812715087,0.560993054864522,9.32792993980328,1,"C"
31.4525739755481,46.998919385837,1.14794741238516,10.2238856364642,6,"B"
28.8793362351134,12.2309534065425,-2.39959543294817,8.34769208610261,4,"G"
27.5875151320361,13.6507840873674,-0.453964425918894,7.8179086358239,8,"O"
34.8899776604958,8.64095431169006,0.960427060967003,10.8803654499271,10,"T"
31.3102203025483,12.2343250131235,-2.09727639506679,9.44633135696033,7,"F"
31.4664859022014,8.08807229517151,0.683854590571488,16.600113771688,8,"J"
25.9856763621792,3.6933858320117,0.741046634864848,11.0992504952425,7,"F"
27.7823017444462,21.1457766429024,0.948393054807144,10.08437520732,7,"C"
29.1377077717334,24.0490304945473,1.25660428391153,8.36299980371476,6,"N"
27.1645497088321,19.7364176949486,-1.49174027978332,11.1182733696837,1,"A"
29.5660598645918,18.7695549661294,-1.6282400826447,11.6724880864343,6,"U"
32.7186248358339,34.2079485075104,1.17806821150191,13.1983554036127,4,"L"
31.980379675515,0.594319081865251,0.807335821662824,9.7097410721966,8,"P"
30.7266035908833,13.0202674912289,1.16248841291418,13.7291523739481,10,"A"
33.7380452058278,10.4894626932219,1.01603101133176,11.1633365464891,7,"Q"
29.5851060003042,88.1262034127369,2.05854560649485,8.8141308284317,8,"T"
25.081808581017,8.07983564212918,-0.71572195996694,10.2276808965958,7,"O"
32.2740787663497,77.5702116414349,1.40623584122471,8.24943059382105,7,"T"
30.0316429231316,38.1942761676822,0.561580011325156,8.93338338227866,6,"V"
33.2682277075946,29.3031361127708,4.47845694857348,12.6474404843605,1,"O"
29.3449659761973,28.1811069218878,0.0342629534398503,8.26400412463826,6,"Y"
27.0362652884796,34.6218651147995,0.675152853242936,11.3866828670376,4,"J"
27.8387537552044,3.37880013400689,-1.25607223642479,11.2824150882047,8,"E"
33.0688052717596,51.5724119905517,-1.7715080663041,7.9870687604044,10,"X"
31.150650610216,20.8125105885939,0.156193831766356,6.70750153477327,7,"D"
28.6985524604097,21.3477895941565,1.42296158691427,9.16870113536568,8,"F"
26.7084655934013,0.10053754709531,0.341154074303182,6.5590139270462,7,"Q"
33.2699677883647,28.169071067727,0.0826435733909028,9.92093208332064,7,"Y"
34.1447859606706,22.0949058594618,0.205188880340866,7.84408496749725,6,"Z"
26.4856195426546,34.3937237920675,5.5872486900663,6.32593944251196,1,"T"
33.3490945142694,14.3237460802377,-1.57462305567901,10.6418000196403,6,"L"
25.4434770392254,9.18521303683519,-0.438170741668696,8.00806019308908,4,"Z"
30.8805561857298,9.86833490823434,-3.16133672703185,10.0739373991126,8,"Y"
27.5827701180242,42.7046968366733,0.909864672076553,10.1475025987923,10,"S"
26.3532283250242,40.4320940269593,1.43549663489709,10.9747041538194,7,"U"
29.5698572462425,26.8761048360232,1.83215722847062,10.2773030139478,8,"Y"
28.2538890582509,12.7505751466379,1.41794789759097,4.61580989783467,7,"S"
26.178183068987,22.3419422312328,-0.457663226868977,13.4106131377912,7,"I"
33.5502951941453,3.87415425851941,-0.640878957870865,6.24325427523892,6,"Q"
25.0510816951282,40.3158415003184,0.234968677529633,10.0351852222703,1,"Q"
30.9878572216257,16.3103095488623,0.441446102209276,9.6481571244441,6,"Y"
33.4891535667703,16.9541008304805,-2.24481323527779,8.59699056751043,4,"Q"
29.0015675476752,12.4972526868805,-2.77527203294383,9.79648041271835,8,"N"
31.8450822960585,12.1154732303694,-2.08309578328524,11.1663593185297,10,"B"
32.5481739244424,11.619901265949,-1.85513518601982,7.90646401171311,7,"K"
26.7693847068585,33.5463025911525,-1.04861536293828,9.31073070261187,8,"Y"
25.6600546860136,16.5586743783206,-2.42249078281194,9.2432856989001,7,"O"
29.7273180889897,33.9387475779716,1.02051364953964,9.72018068801046,7,"R"
26.2292698561214,8.62585266766519,0.198552992953291,9.62487141036435,6,"O"
25.4830097290687,23.068255901939,-3.28667641220766,11.6672096268165,1,"A"
26.8196093221195,1.84439960012992,0.961492241743861,9.68448757046998,6,"H"
29.5201830565929,69.1091806217473,-3.56550444838766,10.5297303439905,4,"J"
28.1536998366937,10.8968822496188,1.41229382339012,8.87918458354998,8,"Q"
33.9776636753231,33.4777709674687,1.07006552889207,14.6623984760055,10,"B"
29.7904056031257,6.52839632704854,1.16151679630865,10.8830279118322,7,"W"
26.7134980135597,2.43990547489375,-1.24868774811331,5.56997772935127,8,"I"
30.4270605603233,4.61473311025733,-1.03187341386766,11.6253153943365,7,"L"
32.2087702178396,33.2445350835536,0.504452735139788,12.4746685038863,7,"L"
27.4827073374763,27.5985329399321,2.35646097470033,9.07093218950844,6,"M"
29.2549885064363,40.604442328817,-3.20989302443272,9.1993610282662,1,"S"
31.3994742929935,0.452861157692536,-0.795179449713137,9.57629365376216,6,"O"
26.5032099327073,25.2170392590499,-2.56974834442534,9.11525795313776,4,"O"
34.1408169572242,43.7063178953655,-0.0374927720758157,8.30099631123832,8,"K"
34.1073175240308,11.6814123792574,1.00727241174299,13.3977416656721,10,"D"
29.8511698632501,3.09548028801158,-3.46466440058969,8.5048523182045,7,"Z"
29.3639601091854,38.5479236660961,1.57441377418016,9.18378151085196,8,"Q"
30.9906636551023,42.5042011533837,-1.44092663508966,10.1058401393064,7,"A"
33.7602396518923,0.391316078603268,0.272468379690623,11.9057853832232,7,"F"
27.0812991261482,4.44591880009817,1.65279012516108,11.4128088065824,6,"X"
30.906364095863,56.6780262974031,-3.27144349177474,10.4767267710519,1,"Z"
30.4962019016966,2.67386023420841,1.43290719868895,9.42377834140131,6,"O"
28.0834083841182,4.17926930300756,2.75027537944508,9.34190998634822,4,"H"
25.3199381264858,36.2407949554238,-3.23389539193782,11.5340657525873,8,"W"
27.4288718379103,45.8039523057162,3.6127117931817,10.9537181833085,10,"B"
31.4970376947895,0.328517016023397,-0.348905599790434,9.20910205574076,7,"U"
28.9563314360566,4.09750336781144,0.314072061889584,7.08068478111413,8,"P"
28.65252452204,64.8108136057298,4.91469703198755,9.20253145238503,7,"G"
33.5446818405762,43.651378766907,-2.94744670993442,12.6676164283617,7,"B"
29.3848850531504,35.8909037510369,2.18400920775352,10.2850238926233,6,"G"
26.5042480290867,61.020141223598,1.33240529637177,8.46548430188985,1,"L"
28.5323686571792,0.0974503735399062,-2.26237668880186,15.2117979714851,6,"J"
27.2766637708992,3.37252340745181,-3.00118396087105,8.57142067265456,4,"X"
31.4035577862523,48.1395939898617,3.32324656508364,9.01508317131725,8,"I"
28.2307835947722,3.59116754838918,1.24088369635878,9.20032454367768,10,"B"
32.1849804674275,69.472468034215,-1.42409457388992,8.22111752911136,7,"D"
32.8808669373393,67.3863611146252,-1.0190079982418,11.6583525183975,8,"L"
28.1925630848855,41.2204753874306,-1.01751805748142,13.0734467716377,7,"B"
29.9349634838291,35.5441201093111,0.582142137073808,7.72256541206861,7,"D"
25.9988732682541,34.2991784388635,-2.90459434203051,12.5710705860796,6,"I"
34.3445508740842,19.1600798908621,0.868549830396541,12.8293943790105,1,"E"
29.9879741668701,33.7093311721895,2.92001178658036,10.3459043999385,6,"G"
34.746473794803,11.6651061518427,1.00143848535542,9.07044818664922,4,"D"
33.2437486806884,12.2142081242055,-2.01701817648879,10.2632252924496,8,"V"
32.699743420817,8.92377634998411,1.21083194657489,7.23375092178975,10,"P"
32.2495775809512,44.8784366969891,-4.11381437023072,10.9629982849239,7,"G"
25.625543941278,23.3851036940335,3.28994537730864,10.5527561091097,8,"B"
31.0636750329286,30.9240311424957,1.87881319777955,11.7928749116458,7,"A"
31.0505926166661,27.404521916664,2.38025165507728,10.8327165559347,7,"O"
34.7545480169356,55.7975210117185,-0.400341677035481,10.7598983636812,6,"H"
34.3036008928902,46.1874776867159,-1.10309264311935,12.1351885826288,1,"L"
26.73643396236,5.04599455744028,-0.915373178187687,9.35570163866919,6,"D"
30.9815817861818,16.9569016154855,-2.87367679728461,10.5088806120301,4,"O"
33.3019676106051,36.9255320156429,0.409869923918526,9.99181658397183,8,"J"
26.3188501517288,21.0969698509637,1.13091214786683,9.62431793421221,10,"G"
34.6896338602528,29.9970981279824,-2.21182828465176,6.83103023005461,7,"W"
32.6195489638485,6.17132385575393,-1.0162840188573,8.38280034942492,8,"B"
29.2317300010473,26.5486913813714,0.445123869947939,10.4518818235605,7,"D"
29.6464399830438,76.77767327565,0.222333432093951,8.88735929192264,7,"R"
32.6251588924788,112.708104172368,-0.88420872679502,7.44910404919919,6,"M"
34.4827346177772,30.6538047070119,-1.53281475190956,11.1006821262059,1,"T"
32.7226198348217,0.716483546420932,-0.292828526234829,10.4450976381518,6,"M"
31.5974970674142,9.14891749620438,-0.40493491608669,9.20146562684326,4,"C"
32.2873143129982,1.22348219621927,2.50405935915559,11.7165395128243,8,"P"
34.8152877879329,1.05590220540762,-1.28801651223146,11.3014458462415,10,"O"
32.3793615889736,23.3787379254878,4.88037134474335,12.3042245371802,7,"H"
26.6013713693246,8.08280143886805,0.00123766224449352,6.93001447780432,8,"H"
30.1651816489175,36.6199149458174,0.643156896841775,9.89673270610088,7,"Q"
30.6553441099823,29.1872185710037,-2.09693522943133,10.0986238798567,7,"W"
25.6407598080114,13.622433137012,-2.93444071958287,8.7419102566499,6,"I"
27.7656917483546,84.9499335089579,-2.42680511505999,8.62624748217034,1,"S"
25.8293146640062,52.6784033861883,-0.887641727728965,6.99604498924272,6,"H"
34.9590008938685,26.2557410676946,-1.26363444311366,10.8770890834705,4,"J"
30.0618469598703,77.5962796955745,-1.35718511723046,7.83209709862545,8,"Q"
27.0748519897461,24.275892152122,-0.112566949982125,8.37720455793239,10,"D"
33.5978406481445,99.2625226775065,-1.43739017555951,11.0264473984608,7,"D"
33.447574202437,10.8107844181359,-0.34114162063388,7.71291353556626,8,"H"
28.8203741237521,34.9063716071162,3.27101062290085,10.4823966814138,7,"H"
33.5723419231363,13.3507499936968,-1.46181714465012,12.5644842691218,7,"E"
28.3473461144604,4.25228239037097,2.40221578030768,13.1301085349444,6,"T"
30.0644346512854,35.4177004738215,-2.99747109842565,10.8796011915223,1,"P"
29.2025400791317,18.7279235618189,-0.830533619855623,10.5948399204591,6,"J"
34.6132732625119,7.61584956664592,-1.77915296092409,16.0189067778843,4,"X"
30.2523537538946,2.72654680949111,-0.739433484631059,11.1619658568115,8,"R"
33.9791216095909,11.5501066949219,-0.546147239687627,12.8075862493614,10,"E"
30.5704831704497,9.97686793262691,-2.81455458612779,8.6827860175086,7,"Q"
25.8072688989341,46.1766949270792,-2.06200668015151,11.6775905614481,8,"O"
27.508822819218,2.78073560446501,-3.34897780900473,7.32611325284829,7,"Z"
29.7519425442442,120.042581681096,0.8464031301754,9.16515694535517,7,"H"
31.834639061708,42.3655148399083,0.938546130509622,6.43331381313355,6,"J"
27.8075120109133,41.9378441756062,-0.0660546632188965,10.1370086247875,1,"P"
25.9856891841628,98.996365719639,-1.02816307948731,7.78864868838612,6,"Y"
25.5549242952839,29.9532348184351,-0.851676249004456,8.42690710457421,4,"W"
25.2304425160401,39.9376213631097,2.38884396682591,9.9978546925253,8,"Z"
29.2727754171938,77.3829661830704,-1.48204001488319,11.5304374831138,10,"X"
31.2100758496672,19.4478158187121,2.44738080349948,6.34483958033372,7,"M"
31.7797773447819,8.69895901042682,0.245408415588732,11.0104396226609,8,"J"
26.9252761872485,6.84608439914882,1.24967268927875,10.9295009499726,7,"A"
32.571739894338,73.922425039057,3.9077623443708,9.13651977405599,7,"S"
26.3120983773842,5.41840944439173,0.580579899727616,10.4811913004142,6,"G"
34.1711673117243,8.87461131904274,-2.54292583287422,13.7091530242338,1,"Y"
29.7478702128865,5.66166453002755,3.32481642383439,9.53453020271581,6,"F"
29.9905574927106,4.61277769412845,0.873746716558996,11.0069518703598,4,"O"
29.1398562770337,76.3043110938644,-0.352382403056125,12.0562848204445,8,"E"
28.451671267394,11.5606799768284,-1.03894693200827,11.358357711106,10,"W"
28.2076072157361,38.9535498885874,-3.63076072874178,6.77390173423194,7,"L"
30.9020398231223,25.5246759310016,-0.233439030995611,9.15030073166034,8,"K"
27.242687928956,5.28556315467112,-3.25186018223814,7.97127087449628,7,"Z"
30.1261987793259,23.8021586077724,3.08883474757257,11.3549892089589,7,"E"
30.6808721460402,79.7478067278307,-3.37504548856072,10.1293960979486,6,"V"
29.9041653890163,43.8533704072941,-2.05017568373102,9.69742612974161,1,"L"
26.9470447697677,14.660024413745,1.27058320986374,10.647753801632,6,"G"
26.8987996340729,19.7639943379909,-3.84921956910117,12.6576295494913,4,"S"
25.4659281717613,44.3175251488299,-3.91499766399665,12.5737885260239,8,"C"
32.6531031168997,4.11741816904396,0.845442905751929,9.81577665921163,10,"F"
28.9205967099406,71.164039947037,1.42773340468067,11.1950044434748,7,"Y"
30.9343587164767,37.2393317508016,0.462398106554128,6.61045416706565,8,"N"
33.1529073184356,150.313020544618,-2.74712328861435,12.3051109501459,7,"D"
25.4150063567795,2.35664875324301,-2.99283672410131,9.83010445601348,7,"R"
34.690814637579,55.6198122305382,-1.19491662887099,10.2784538728454,6,"I"
26.4553045039065,61.8938360896833,-2.04485026056275,8.69304821931979,1,"S"
27.527627737727,22.7157160440896,-0.849080938561549,9.75757156052586,6,"Z"
27.8563627740368,71.2988484426778,0.509525838599433,8.7469993397489,4,"K"
34.9276537355036,55.1531882372625,-3.193249064339,12.8963838401305,8,"U"
27.7778524393216,3.23690178338438,0.248318459396021,8.57359651539019,10,"U"
34.8746905731969,56.2844827559717,2.05970277628061,9.42635179380205,7,"D"
30.9985582926311,4.54145230610555,0.698601610666452,12.8556163367626,8,"A"
29.3982246215455,1.23918908648193,-0.0483151087408065,10.9921378534512,7,"B"
33.3774225460365,17.5726029323414,3.73037481082123,9.38881779632393,7,"G"
29.2692894232459,1.50367919707477,2.53335191422336,10.7666962394988,6,"N"
33.5554291796871,10.806882251054,-1.54550326448723,12.1432231714883,1,"J"
28.9972918084823,136.013637960078,-3.91009880725876,13.3092200086936,6,"U"
28.8878783700056,34.2816790087584,0.5522542520383,11.6707641478055,4,"J"
30.8542911545373,2.61496663201967,1.37686846556212,11.7729259154903,8,"S"
27.487957237754,37.188443931422,1.49239567570213,5.67865704199424,10,"U"
26.6979060694575,55.1106462788708,0.928574287944403,11.0547990017328,7,"Q"
33.9602817408741,9.79902517050505,-0.847407277899492,10.3861065377996,8,"C"
30.2315031224862,27.421425911715,-0.315628793502236,8.00252629320464,7,"R"
29.0447998093441,14.0730083440645,-1.23413484033483,14.2084317400372,7,"H"
25.5451308982447,64.57197272772,1.59707164295114,7.1401428241114,6,"J"
26.8618805310689,4.55750613939017,-0.255272203474289,10.5956269140851,1,"D"
25.7323988294229,13.162626279518,-0.734449560011366,12.3405343554625,6,"Y"
30.4411652637646,26.7694868041638,0.458500689494967,8.34694189869652,4,"Z"
29.429619605653,35.4170206735346,-3.80670460727021,11.0705485042409,8,"X"
26.3220704207197,18.204465857707,1.0190036257734,12.8123908012801,10,"S"
29.0948062995449,14.8281242698431,-2.83431858945538,9.26743137900492,7,"V"
25.257869430352,75.677028164212,-3.06462707509059,11.9148103890338,8,"A"
27.3134600743651,33.8474589573655,0.859136339646072,11.7770366620142,7,"O"
27.4946361477487,25.3969904488388,0.900561394485101,14.9592078991835,7,"F"
28.4301186981611,50.8639384408422,0.848600754436105,7.79390322839092,6,"H"
26.7159891920164,21.525872562683,-1.64077307215067,14.0983077056619,1,"Q"
33.1268812762573,17.5842139776796,-1.04422270872614,9.14181132254275,6,"V"
25.5053131189197,17.4523878330365,2.96171944434357,7.61912632870659,4,"O"
30.8597199851647,86.2049793401613,-0.687166808473804,11.0811725812749,8,"B"
27.3082970897667,23.2186133588169,-0.216253159213707,13.0754911150335,10,"Z"
31.9596190052107,80.5753979607861,0.089162907992119,10.0651756134623,7,"Z"
34.6605765470304,20.1943481527269,-0.970568576611059,9.28418251045687,8,"I"
29.536120116245,40.3346338389877,2.56776140290244,10.5513524968328,7,"X"
31.0774203203619,76.8547255694311,3.00354375856936,14.7028657474303,7,"M"
27.5514827598818,2.38134008366615,0.827475382140631,9.84508884881848,6,"U"
26.4810124109499,32.7049461553309,1.15640586774573,10.4235106375928,1,"X"
26.6672474145889,49.7558739197381,-0.989146145927175,8.96008045853574,6,"U"
27.2173007950187,66.854390756674,2.14310649276532,8.10503730690982,4,"R"
34.876411955338,30.1355673950568,-1.87392664308577,8.98657778846598,8,"O"
30.196626461111,1.41660011114356,-1.00165289031982,12.1556750905254,10,"Q"
28.0193302081898,13.6955461744219,2.86223187985118,8.93903907525151,7,"Q"
29.6556737856008,2.24780505452943,-0.197078053232491,11.6987593508037,8,"C"
27.8461232734844,9.08307659905404,-2.22837485000407,11.7555551143866,7,"E"
33.7529166485183,56.7781593625374,1.86308761542402,5.67090694560723,7,"W"
29.0250383969396,44.6574470886686,0.399399655350202,9.46949524713667,6,"I"
32.4353229952976,99.6328577348843,0.855471536113571,11.1933713628493,1,"S"
30.5002089682966,7.85388333722949,-2.20415378805057,9.23109766989837,6,"A"
28.4524589939974,15.5115308705717,0.868926100842968,9.41162391696731,4,"F"
34.699473939836,10.9505658829585,0.116382394602014,9.19426476854699,8,"P"
30.5121325748041,0.639245149390681,-2.81953206560038,8.80500569154302,10,"D"
25.4216160485521,19.7926552640274,-2.9365718628166,13.9277785602425,7,"W"
27.4175397329964,1.60879499275768,1.74263746113453,4.72109389381189,8,"E"
25.741325141862,56.9995373276003,-1.89440675653037,9.68418530824347,7,"S"
29.2967465962283,9.40276906359941,0.476273438311834,9.46858882188348,7,"S"
32.77563811047,1.96624813601375,1.03469680950369,8.34487945966761,6,"W"
31.4676754479297,68.8962951450985,-1.06292163817405,15.2017031318953,1,"G"
28.7442193552852,28.0944658430729,-2.7277541694456,9.42153738732966,6,"O"
28.3966155559756,2.41701516788453,-3.35172562577716,11.1967026008894,4,"C"
29.7526351572014,76.5884563102763,0.683477279409347,10.265191453248,8,"Q"
33.4965244890191,90.127902696456,0.180886988452343,10.4778820583682,10,"L"
33.2424694206566,40.5668788297538,-1.34241553612706,10.3957001201118,7,"O"
26.6098003811203,115.750251424717,0.526277526957766,8.46904250767529,8,"E"
28.6308277887292,9.8187174461782,-3.80665554875706,6.52245801485757,7,"L"
30.4759926092811,3.60859848485247,-0.728213833556775,10.152400028536,7,"H"
25.4321583057754,13.7315079476684,-2.69854059350303,12.1265852526825,6,"N"
27.3982814443298,6.77474519703537,3.09662617416944,7.06370757867773,1,"L"
29.9607133329846,32.2706612280074,0.785839444784747,11.6347220352295,6,"H"
27.7648123190738,9.53778080642223,-1.05646294990393,7.89074906574366,4,"X"
33.9590425067581,57.4360431519277,3.48777752801388,10.9377242788011,8,"G"
30.3547071595676,3.92744894139469,4.01955763613973,11.8721391839885,10,"W"
32.1488202502951,16.8809168743162,0.445382875760511,11.4084578325562,7,"S"
33.5168297449127,52.8216249577502,4.15857969897776,9.35387330835302,8,"K"
29.0720091480762,62.6115480586331,0.881730134063672,8.04979123691244,7,"L"
25.6958088325337,86.0940843025103,1.39507180960286,12.4130264585454,7,"W"
28.145206887275,12.0779237709939,3.16576849435735,12.8208457071949,6,"E"
26.3177061872557,26.7324682964448,0.575969557051723,12.6680706839307,1,"K"
28.8448473764583,2.0556111509139,1.43775635019524,7.76058722255426,6,"G"
26.7000814364292,16.9214511942118,-1.66504107310223,10.9878189691063,4,"M"
28.2656369009055,27.8317486389045,1.20796932223582,11.1044838418467,8,"J"
28.9925817237236,62.7094184162156,-1.56364169212183,10.2307248975269,10,"A"
33.2292724470608,27.3592755092744,-2.43510825329791,9.29645616636953,7,"E"
31.4460051432252,19.2234719730914,-0.128268837261229,8.05030348754529,8,"Q"
27.6409864425659,18.0068842694163,0.160346624635041,9.76836557253424,7,"M"
29.7756979824044,4.20087485545662,1.53230081324928,10.5489182017175,7,"N"
28.1155304890126,20.6050165230408,-1.17186605576944,11.5530089059237,6,"F"
27.911704655271,31.7534538252715,0.157027072840146,9.75036767950264,1,"C"
33.7882781936787,11.8042144136061,0.445010516520034,9.23882538376546,6,"R"
30.740782902576,25.8787636912641,-0.799043921061971,12.0331180865477,4,"I"
31.8753352062777,138.874825194367,-2.72823734586431,5.96262756086231,8,"G"
25.6115322979167,1.71788113828741,1.28123924131939,9.36623937066142,10,"H"
32.41310140118,1.55267578549683,-0.0364677415894617,15.8487098331025,7,"E"
30.8280728268437,22.5885869900937,-1.88112664078737,10.3052526769373,8,"J"
27.3504970874637,8.87208173051476,-1.46901662444204,9.55320330266503,7,"V"
25.4548240196891,52.8891470630593,-2.54397434345895,10.760537781167,7,"Q"
26.6398795158602,66.843825442862,1.96687123457687,13.3846668186371,6,"N"
31.4970450778492,20.2906503109261,1.21763485605074,13.7948469330682,1,"W"
34.7040382190607,9.51283087022603,-0.8649342146739,12.6302947193882,6,"X"
27.1775309625082,24.77589469277,3.67204128111684,11.4443394060765,4,"Q"
30.616687964648,10.0150167038485,-1.01633288863932,8.93889403115971,8,"G"
28.6706196609885,23.7755773201376,1.7979626996496,11.2920123940922,10,"N"
32.1187920775265,15.8744276454672,1.53918645692246,9.99834500027159,7,"U"
29.5697905914858,5.22565475665033,1.40237861234929,10.4388619301775,8,"A"
25.9568258724175,21.6027647337381,1.7286791678195,12.3646840726008,7,"P"
34.288743797224,86.6901846924677,-1.55765476543762,11.4462817642174,7,"D"
34.930672578048,3.54700067080557,4.50056304247824,10.6541912756262,6,"A"
30.0292279804125,6.61793779581785,1.31685618058727,11.7001868125508,1,"V"
25.1905666198581,20.0044612772763,1.36470826729254,12.1377332127889,6,"C"
32.8331060963683,1.10762629242122,-1.36558419870213,10.0993258977262,4,"T"
33.8077421486378,3.0708480393514,0.336409569080143,8.61095982257778,8,"R"
30.2849927335046,29.5268888892376,-0.991359547730077,10.2525707505251,10,"R"
30.6316489679739,22.8794819755915,-0.546723310189872,12.0516060148432,7,"Z"
33.4330120705999,13.7982818624005,-1.64447302991943,11.427671936637,8,"O"
28.945051135961,19.3921376300592,-3.01464905843107,10.6458772470604,7,"U"
33.499429486692,71.6537744327824,-1.86993644621516,11.1472343708031,7,"K"
31.8391854432411,36.944058620042,-0.650332416497311,11.5458684751687,6,"O"
29.9645581794903,2.34424328184644,0.833294451256349,7.41259298345815,1,"X"
32.2445411211811,9.98559042345732,-1.1604188956204,6.48383336192733,6,"Z"
34.4992571882904,36.5130801300023,-1.89719695062341,8.26551810190434,4,"F"
29.2559303459711,59.5610335257776,-0.0990225464525137,6.65867990289188,8,"O"
33.2191093638539,4.93140555918217,3.26135667491724,9.60585894850071,10,"E"
31.7654416617006,26.1255060216848,-3.94875292898132,7.64836049592501,7,"W"
28.4092222480103,21.5765504433278,-0.878388668277163,11.0207673244855,8,"K"
29.9071512860246,51.5844630424805,-3.38583616006463,13.1045734785815,7,"N"
34.8659076401964,58.4750893500574,1.22653822701249,10.8913246925775,7,"Z"
31.4762014569715,17.1219693403691,-0.595742756763908,8.17348164721101,6,"N"
26.0718803154305,52.4215044801064,-0.271551508162834,10.2304433484955,1,"N"
29.7678540181369,125.232760290564,2.73982759033909,6.09326574294041,6,"T"
34.9497276730835,74.8161709434168,-0.652963261412739,6.21376096171932,4,"F"
31.205726431217,36.1622232801527,-0.752327600162854,6.97812396534211,8,"O"
31.3557812361978,3.1943397977324,-2.02580794372362,8.32822931455675,10,"D"
27.0497252559289,7.31629272902319,-1.80533968819236,11.0049506838834,7,"D"
34.2733706533909,26.7086471213319,-1.2907127414098,9.35451183782812,8,"L"
34.0631975559518,98.2023478248968,-1.69989277099749,10.8167490754748,7,"B"
32.0919821015559,123.446116608785,2.47292963411317,7.42757898109267,7,"T"
26.1945809260942,15.5494159134105,0.401667421439396,10.1497567361377,6,"N"
32.2959753172472,6.23648752458394,2.26428456455778,13.4097786228563,1,"I"
25.2624969743192,16.6842081723735,-1.81400027243012,11.2629636963066,6,"D"
29.1741199535318,8.46268103923649,-0.779735522864383,10.1271550814103,4,"Y"
27.0485574705526,22.5189262802217,1.54444925320083,10.4604610029985,8,"U"
33.319703284651,74.6487082316916,-4.53065163484425,11.2131817857541,10,"G"
34.0757469739765,2.30547465384007,-0.611723995769593,7.52524591997301,7,"U"
34.1800631862134,44.583522674901,-0.0480467001348413,9.95151455061502,8,"Y"
33.1630702968687,15.9802643721923,0.488805303852367,11.4061247158411,7,"K"
30.6695967237465,14.8680365458131,1.12908669384912,10.4600901301968,7,"L"
32.598933451809,0.920362963802317,-2.05692231075342,9.5712143754938,6,"N"
25.5299894139171,39.169223968542,-1.97373523413713,9.01581036148214,1,"U"
26.7784434836358,2.40867630230531,0.645664277300402,8.77764230385932,6,"A"
32.8124949149787,46.2210672037964,-0.434933112984218,12.1497845625266,4,"S"
34.6091046510264,59.3102815163262,1.05162684315763,12.5292662580059,8,"E"
26.9971316237934,54.4298325081296,-3.32570889298208,11.2348902034798,10,"E"
31.7646349780262,34.0243573474202,2.23850972472659,11.7623338872906,7,"U"
30.492326375097,19.1057636635378,-1.13364323575273,10.6326114276406,8,"P"
27.3210689867847,12.6084557594731,0.542167707156957,9.90631521899308,7,"C"
28.0963632208295,95.2667172202721,3.82819107203857,7.8152069607033,7,"K"
26.1325226235203,12.9515112424269,0.839167646650063,10.3796510406587,6,"Z"
28.0293846968561,39.3580972763214,1.40317514905498,7.7979580660824,1,"Q"
26.1767921899445,53.0639357839651,2.45772947563312,7.64719460536078,6,"Z"
32.170245393645,46.646534965647,2.44582949064316,7.83837228025922,4,"M"
28.0886224121787,75.792937368099,3.48870082991871,11.1885353810141,8,"I"
27.7551850886084,4.48785352970174,-1.91339887896499,8.68066576251629,10,"H"
32.0976508990861,15.7159180194139,-2.37668508950784,9.61180278574211,7,"Z"
31.5788561967202,6.48067619651556,-0.713045078958348,11.8498744231719,8,"Q"
33.3051653229631,0.638283374936199,-1.82081517609472,7.04725377685102,7,"O"
33.4433822962455,35.1728689378563,-2.50724428997818,9.41498722283977,7,"B"
32.4000974115916,3.81259574554861,0.347710624134992,8.51635693076096,6,"W"
29.9066893220879,3.01401877775788,2.5612447940919,10.8695676374227,1,"V"
27.5544873508625,9.49821346161765,-0.556426142847575,9.69601822337428,6,"E"
32.3912686435506,8.23624530807137,2.08208621218525,11.2853038169532,4,"Q"
26.0901496163569,8.13962079584599,-0.41442343830545,11.7626439057825,8,"H"
27.9026899626479,9.49665442574769,-1.27622394866699,9.20765384857782,10,"G"
26.4868432562798,22.0133728800777,-3.58698394943986,10.6818326491839,7,"I"
26.9550727983005,27.5547179101471,1.15980142572541,10.9321287936239,8,"R"
32.180052921176,62.2759525266416,-3.3549076743311,12.4830298046558,7,"X"
28.0898122605868,23.8121628841821,-0.634521124754017,11.2115202751398,7,"G"
29.3674841942266,8.56394363567233,3.23584443716802,11.1626256187405,6,"Q"
30.5425872420892,11.5049542766064,1.49533727192238,8.23057652755261,1,"B"
32.7993694716133,24.5687545916501,-0.161903433375516,7.78253500928327,6,"J"
25.9851212380454,49.2071597252913,0.500120184441221,13.1414509763416,4,"H"
33.335467337165,7.28435526067062,-2.91118017782708,13.5982829299585,8,"R"
29.113163636066,6.23010775074363,-0.836220172210786,9.88532123181463,10,"S"
27.2516987565905,5.79253100409901,-1.7007017466092,8.22784978748078,7,"L"
34.7842653980479,9.87150860019028,3.23992315239097,9.43709536038741,8,"W"
33.9661631453782,0.0708863682931317,1.52643477634749,12.0250456428589,7,"V"
26.4708756818436,51.0655756828315,-1.34582822038885,10.2058518850989,7,"V"
26.3280849694274,16.0821589501575,0.546178703168178,7.46175913880234,6,"Q"
26.9508957024664,23.6263088296371,-0.866865341986603,15.5722114772711,1,"T"
